graph,algo,cluster_coeff
822,label,0.5611345272832131
822,edmot,0.41163443417453954
822,gemsec,0.46670006956691906
822,scd,0.360644971498606
