graph,algo,cluster_coeff
853,label,0.49640757103700506
853,edmot,0.43021694623754286
853,gemsec,0.4830161577956173
853,scd,0.3753920125473628
