graph,algo,cluster_coeff
834,label,0.5501585929750972
834,edmot,0.4173899274091612
834,gemsec,0.4338728908127735
834,scd,0.3741462274810803
