graph,algo,cluster_coeff
878,label,0.47619958528690887
878,edmot,0.35630618994365204
878,gemsec,0.4098275336871014
878,scd,0.3234446487203976
