graph,algo,cluster_coeff
802,label,0.5945725888575344
802,edmot,0.48846190750694735
802,gemsec,0.5358961048551671
802,scd,0.39310346954140013
