graph,algo,cluster_coeff
810,label,0.5466602296428758
810,edmot,0.5188543468379866
810,gemsec,0.5263511061567039
810,scd,0.3579261557596625
