graph,algo,cluster_coeff
863,label,0.5446051587084285
863,edmot,0.43787455067546127
863,gemsec,0.4927988767768247
863,scd,0.37133908235149404
