graph,algo,cluster_coeff
999,label,0.5370026731319808
999,edmot,0.431128990042166
999,gemsec,0.44839343974115187
999,scd,0.3192778131656725
