graph,algo,cluster_coeff
844,label,0.49357348734145556
844,edmot,0.40891613633075735
844,gemsec,0.4523448009497469
844,scd,0.359378157741589
