graph,algo,cluster_coeff
883,label,0.47122184966347386
883,edmot,0.45098974227252675
883,gemsec,0.45696025829259873
883,scd,0.3180945388372666
