graph,algo,nmi
999,label,0.7583129334964738
999,edmot,0.8249116108544072
999,gemsec,0.40904552742066774
999,scd,0.5475610896303736
