graph,algo,modularity
802,label,0.7558743763155478
802,edmot,0.8112880820093051
802,gemsec,0.47507665078555744
802,scd,0.5837489076582667
