graph,algo,modularity
810,label,0.7544737683190407
810,edmot,0.8110390357869539
810,gemsec,0.4490755559944975
810,scd,0.5761164203872864
