graph,algo,modularity
878,label,0.7817315196602602
878,edmot,0.8079911037589225
878,gemsec,0.5516497092983607
878,scd,0.5189016714115382
