graph,algo,modularity
999,label,0.7784185352330362
999,edmot,0.8093951829312922
999,gemsec,0.44288984787956426
999,scd,0.5205905184371215
