graph,algo,modularity
822,label,0.7645244830356803
822,edmot,0.8028344619948224
822,gemsec,0.5007197612494254
822,scd,0.5576662874305617
