graph,algo,modularity
883,label,0.7733235799998994
883,edmot,0.7893662199999172
883,gemsec,0.5377125999993438
883,scd,0.5308878599999896
