graph,algo,modularity
844,label,0.737452860084885
844,edmot,0.7992473106381888
844,gemsec,0.5268204010226306
844,scd,0.5365894272587202
