graph,algo,modularity
834,label,0.7517679914875738
834,edmot,0.8001198364181505
834,gemsec,0.5036909853463766
834,scd,0.550568996172763
