graph,algo,modularity
863,label,0.7403660212505964
863,edmot,0.7978837270695317
863,gemsec,0.5012590768653367
863,scd,0.5356855116013252
