graph,algo,modularity
853,label,0.733226765565328
853,edmot,0.788475421118201
853,gemsec,0.5061258207460463
853,scd,0.5450189048265829
