graph,algo,nmi
810,label,0.8237497415370588
810,edmot,0.8911269777738033
810,gemsec,0.4165104557117794
810,scd,0.6946032627420609
