graph,algo,nmi
844,label,0.7874126684021371
844,edmot,0.870428462550836
844,gemsec,0.46552395463070223
844,scd,0.6460321592981615
