graph,algo,nmi
863,label,0.7100814457178777
863,edmot,0.80159895096241
863,gemsec,0.4398565567563054
863,scd,0.589007386540057
