graph,algo,nmi
834,label,0.826714666600176
834,edmot,0.9069414827085749
834,gemsec,0.48349240719009323
834,scd,0.6803095272389441
