graph,algo,nmi
853,label,0.7392334742839448
853,edmot,0.8337383225229736
853,gemsec,0.39401856251881334
853,scd,0.6094727436826205
