graph,algo,nmi
878,label,0.7773224375103941
878,edmot,0.8636963930714912
878,gemsec,0.48855035745380976
878,scd,0.5826225398158129
