graph,algo,nmi
883,label,0.7373084924812392
883,edmot,0.8247517369290133
883,gemsec,0.44134259258651337
883,scd,0.5480652221683919
