graph,algo,nmi
822,label,0.8455598132416066
822,edmot,0.920892537233102
822,gemsec,0.47476985027458507
822,scd,0.6935470124836225
