graph,algo,nmi
802,label,0.8291232117320637
802,edmot,0.8957226588253304
802,gemsec,0.43801877015417306
802,scd,0.7018243701293945
